mid,words
38351330,"{'沙雕': 1.0, '动画': 0.7111891092951986, '疾风': 0.4768142079505628, '小红': 0.471223914984058, '万物': 0.38658578851809017, '约定': 0.2891099240985294, '亚索': 0.2866400868860567, '雪花': 0.26885099046018107, '出国': 0.26673820577830976, '合群': 0.2599947487690258, '哆事': 0.2584433111998953, '年终总结': 0.2577851386810161, '讲台': 0.25758967362721275, '零分': 0.2559170929359118, '校园': 0.2551056372874621, '攀比': 0.2550260411457999, '风气': 0.25425135166974944, '现状': 0.2493720116232085, '儿童节': 0.24654724940969217, '小女孩': 0.24480856592707506,}"
17409016,"{'芋头': 1.0, '好吃': 0.14507235322360548, '学会': 0.13608609040264952, '料理': 0.12307888560295902, '做出': 0.12035343780850727, '美食': 0.11298096273804778, '朋友': 0.10648262007438648, '樱花': 0.10565890996624316, '咖喱': 0.09148998779401309, '感冒': 0.09001836236447436, '需要': 0.09000056268878015, '超高': 0.08933107075837264, '月饼': 0.08931327216464893, '洗脑': 0.08649868753329404, '流心': 0.08268412716687874, '饭团': 0.08116120602188705, '水果': 0.08051361282235735, '好喝': 0.07580272371755724, '蛋糕': 0.0743129621280263, '美国': 0.07165886096767488,}"
19071708,"{'儿女': 1.0, '面筋': 0.8621506840151528, '鬼畜': 0.8095605678155872, '有毒': 0.6747777445260946, '神医': 0.6301563004130478, '爱情': 0.6081586272541314, '魔性': 0.5667547951733767, '恋爱': 0.5389763148814822, '陌生人': 0.5349009109593981, '手套': 0.4794094374134576, '防止': 0.45813893411795725, '看过': 0.4441547609062619, '老家': 0.44082948477788453, '循环': 0.43497412553068177, '老百姓': 0.4280593132202817, '有点': 0.42292516788253354, '菠萝': 0.4018894878730635, '老师': 0.3975510519060778, '满地': 0.3851765973089118, '生僻字': 0.38033422980726733,}"
22141287,"{'小伙': 1.0, '试吃': 0.8056600175819636, '开箱': 0.6184639905264143, '波桑': 0.5634811677365139, '中国': 0.4763782724616762, '泡面': 0.47390806704598826, '粉丝': 0.37492041425478756, '小橘': 0.3606965887565714, '学生': 0.32060270732016233, '越南': 0.3127314363652377, '发生': 0.3059673294836837, '军粮': 0.29808686076048396, '体验': 0.274386486511561, '游戏': 0.27151121629953445, '还原': 0.2633082520850498, '自闭': 0.2623550210794258, '旅行': 0.2590377957709403, '老板': 0.25874876695841353, '肥宅': 0.24296905906591476, '礼物': 0.2379884027318728,}"
7552204,"{'挑战': 1.0, '女友': 0.8560367401879095, '兄弟': 0.640113278591222, '香港': 0.6253879829877587, '变形记': 0.6244266703986054, '粉丝': 0.58028732364578, '上海': 0.5455226300058161, '爆笑': 0.48686545991725866, '韩国': 0.43986264305134065, '视频': 0.4132936179896021, '意大利': 0.41294219556600736, '泰国': 0.40134522072672907, '衣服': 0.4013389139020524, '孬物': 0.3861330421461677, '出门': 0.38380743663002465, '游戏': 0.3753902741682183, '体验': 0.36525410157197524, '干货': 0.3357526234130103, '参加': 0.33413798920406157, '农村': 0.32297384875285035,}"
113362335,"{'分享': 1.0, '恋爱': 0.4438144089568951, '化妆': 0.4386615965971166, '妆容': 0.39603000441489505, '护肤': 0.32561364508896545, '聊聊': 0.28047999399883516, '男朋友': 0.27882241292678905, '干货': 0.2672113034677515, '新手': 0.25376140856451196, '测评': 0.24680614701765188, '产品': 0.23616567605392055, '学生': 0.22587115384830928, '实测': 0.2247473692459141, '平价': 0.21547024051784314, '彩妆': 0.21506311759287386, '结果': 0.20030438929604685, '女孩': 0.19558401889773536, '黄皮': 0.18907621297610613, '购物': 0.18725035542372584, '技巧': 0.1866347210366217,}"
285499073,"{'挑战': 1.0, '差点': 0.8299254438671299, '粉丝': 0.6270733590806775, '小伙': 0.48258504656433227, '视频': 0.4091549515489474, '女装': 0.38388345470893614, '大家': 0.37944543998394276, '结果': 0.36508324720544866, '孩子': 0.3543162255231595, '全程': 0.35332330561823594, '游戏': 0.35021790288661503, '准备': 0.304398535879878, '高能': 0.2891992865742415, '体验': 0.2569821643346032, '做好': 0.24855401902749125, '礼物': 0.2416096823774829, '通关': 0.2357017938090064, '沙雕': 0.22943167242462226, '自闭': 0.22648874513034736, '发现': 0.2208522185816629,}"
94114029,"{'北京': 1.0, '吃货': 0.27756542188554945, '重庆': 0.2560742036213587, '好吃': 0.15202864744958566, '闭眼': 0.14318344813885012, '成都': 0.13768797678450256, '小时': 0.13350888076489612, '味道': 0.13245025855196363, '小吃': 0.13232729328144488, '美食': 0.13015565663228276, '广州': 0.12815081871865763, '餐厅': 0.11997871681246855, '探店': 0.11112250626823478, '啤酒': 0.10729946222364906, '扬州': 0.10584489346266109, '老字号': 0.102156126246754, '排队': 0.10169782916835103, '天津': 0.09716880261792023, '喝酒': 0.09595633774747823, '肥肠': 0.09348046946737976,}"
234256,"{'求生': 1.0, '裸体': 0.7676216142523886, '游戏': 0.47427697597475316, '守望': 0.3727465774255567, '先锋': 0.3254233300071568, '能否': 0.2750563448587713, '智障': 0.2565218220505246, '沙雕': 0.2195234519959468, '玩家': 0.20724747500543542, '朋友': 0.16354026380691924, '起来': 0.14742088032519668, '没有': 0.13654094129122257, '比赛': 0.12705360513536526, '画师': 0.12654061006617195, '人工': 0.12485940579555478, '挑战': 0.11427813298709075, '电脑': 0.10411468442825594, '身体': 0.09954492576350824, '战术': 0.09602758114757844, '敌人': 0.0949270663514212,}"
40966108,"{'鬼畜': 1.0, '说唱': 0.45198134643099225, '橘子': 0.383137087844352, '翻唱': 0.2896905038526791, '中国': 0.2863020132557398, '告白': 0.24519959763657007, '版本': 0.18584668815674088, '面筋': 0.1833096793094468, '演绎': 0.18284089457682745, '粉丝': 0.16863260554443682, '神曲': 0.1561813912352162, '社会': 0.14018710720938182, '动感': 0.1367070614886893, '大爷': 0.12933817004611392, '区主': 0.12843558529412044, '村口': 0.12691799842727503, '进来': 0.11878231317018854, '洗脑': 0.11570799470664589, '手套': 0.11268785420007031, '炸裂': 0.11217089562134874,}"
2403047,"{'解说': 1.0, '咆哮': 0.9235647924622431, '游戏': 0.3961798314441081, '少女': 0.19954354860207765, '队友': 0.17899857373107336, '老子': 0.1494820670322057, '逃生': 0.14174334649734152, '丧病': 0.12929124820064444, '战神': 0.12846703728320683, '鬼畜': 0.12784645264713912, '爆笑': 0.12693700102843958, '猛男': 0.11966407552157501, '配音': 0.11883084377238581, '黑马': 0.11156277292486069, '人役': 0.107918145021674, '附身': 0.1071282903561716, '人类': 0.10695131092008311, '年度': 0.10517088999593423, '世界': 0.10044703513830172, '恶灵': 0.09888735989056088,}"
2920960,"{'试吃': 1.0, '好吃': 0.2748467670217038, '顶级': 0.20500697001315993, '世界': 0.13087018046115012, '刺身': 0.11457594987117518, '法国': 0.11393534434679581, '日本': 0.1104105599707217, '鱼子酱': 0.10118763011588429, '皇帝': 0.08006386947786456, '海鲜': 0.0762779286816718, '区别': 0.07523121068222714, '澳洲': 0.07500309479628954, '挑战': 0.07314736365596518, '北京': 0.07168325282572231, '吃法': 0.06409099526041603, '相差': 0.06353923188330643, '感觉': 0.06242359368435362, '价格': 0.06225336731041439, '过瘾': 0.061343171729032656, '大闸蟹': 0.05913779018099462,}"
72270557,"{'鬼谷': 1.0, '闲谈': 0.5852273993875935, '动物': 0.1646400645265769, '水母': 0.1596480728036406, '突破': 0.14885363681354052, '粉丝': 0.14394426748166253, '庆典': 0.1300473440015992, '科学': 0.11757106722415721, '八卦': 0.09517439787918103, '实验': 0.08831898177554173, '演化': 0.08231521505001795, '地铁': 0.08008363106263192, '胚胎': 0.07987710059690666, '鱼类': 0.07888103546996662, '争霸': 0.07706525152207336, '国家': 0.07587253187995713, '充值': 0.07529104884094154, '遨游': 0.07093982375047207, '沙雕': 0.07074806060806885, '主角': 0.0679276473564774,}"
17819768,"{'电影': 1.0, '经典': 0.5914466093401562, '细读': 0.37500894441004723, '盘点': 0.2756582026110039, '大盘': 0.08988828895339618, '年度': 0.06220101340088719, '国产': 0.051369363842555964, '影史': 0.04443800494748409, '独家': 0.04305950339998555, '佳片': 0.03928567233984355, '全盘': 0.03482307745614358, '人性': 0.03226061487663693, '巅峰': 0.032073568821200965, '好看': 0.03137336610184832, '热血': 0.031130201380044725, '韩国': 0.028804633853618825, '中国': 0.028239416396702258, '英雄': 0.028145783412739808, '人生': 0.02749033530433395, '科幻': 0.027339511625507268,}"
1918296,"{'文盲': 1.0, '游戏': 0.5532549290936218, '男子': 0.4612474727163533, '文言文': 0.3844036423480897, '小学文化': 0.28930871708906164, '打开': 0.25836909237017514, '海绵': 0.23990073456510014, '有毒': 0.16892731164815566, '讽刺': 0.12300679570479028, '女人': 0.08181541968310811, '配音': 0.08097220772707171, '方式': 0.08065424349418542, '世界': 0.07961584642697622, '文论': 0.07676624045955914, '成为': 0.07313783372029188, '沙雕': 0.06784724721746492, '发生': 0.06504036327706653, '奇葩': 0.060531818929870675, '变态': 0.06006964910694922, '泰国': 0.05896924515707838,}"
585267,"{'攻略': 1.0, '解说': 0.90265069827969, '直播': 0.635462449148998, '视频': 0.38179841938510883, '实录': 0.3393310187930939, '录像': 0.20765643578435405, '剧情': 0.2055603513681527, '双人': 0.18392743177305187, '刺客': 0.1687103534222492, '世界': 0.1494943220985766, '信条': 0.14923505171082257, '收集': 0.1405962484896, '初体验': 0.13473794829991162, '杀戮': 0.1328262691652167, '附身': 0.13131926212051712, '海域': 0.12821106036648067, '合集': 0.12781228528787505, '黑恶': 0.12239191794434993, '生存': 0.121558444027928, '超难': 0.11641407829219384,}"
4474705,"{'日本': 1.0, '男子': 0.5191410192525323, '中国': 0.2919149833627723, '结果': 0.23954915017926212, '美食': 0.23053929272198265, '日币': 0.12691734974350555, '试吃': 0.09720352681902715, '日元': 0.09552788284711461, '拉面': 0.08394535220591892, '妹子': 0.08137768700122638, '基基': 0.07809169730368405, '寿司': 0.0611525303874309, '东京': 0.060172945785548944, '作死': 0.05627378316561608, '留学': 0.05580008683579422, '房间': 0.054932522427946155, '开箱': 0.05034989555340264, '突袭': 0.048740178365923134, '牛舌': 0.04781932737617122, '计划': 0.046529000716080404,}"
99157282,"{'北京': 1.0, '老板': 0.8385526190649983, '加餐': 0.6713721253669056, '火锅': 0.6131682053202941, '好吃': 0.5854996752285124, '方便面': 0.4780423721923044, '试吃': 0.46804566125699315, '块钱': 0.39438245887116263, '小时': 0.35390206524407286, '东北': 0.34897530342127026, '无限': 0.32273565061291787, '饭店': 0.30827464348689154, '挑战': 0.2871904801175077, '天津': 0.2862388126494828, '放毒': 0.27699197019671323, '大爷': 0.2603875114050942, '新闻': 0.2579998244081085, '了请': 0.25017727581339094, '中国': 0.24264548095790667, '烤肉': 0.22139602499907826,}"
63231,"{'泛式': 1.0, '动画': 0.43259598966555957, '剧情': 0.3086593875838847, '崩坏': 0.22827237450150045, '新番': 0.22278670868446449, '单集': 0.21126990602002144, '游戏': 0.19680505547256352, '浅谈': 0.19653258687460395, '值得': 0.153003558418304, '爆笑': 0.14744862133974906, '世界': 0.14699590521561945, '作品': 0.14501146781115165, '拯救': 0.14229796213814278, '爆新': 0.13988827912441834, '完结': 0.13453155211316242, '导视': 0.12902167722153174, '拜年': 0.122484965788328, '屋泛式': 0.11855581076442356, '期待': 0.11497267104217476, '年度': 0.11201109240271809,}"
2206456,"{'游戏': 1.0, '老师': 0.26605339335934053, '完结': 0.15846675519783615, '手游': 0.13350239540600842, '视频': 0.12335782292931698, '世界': 0.12260722917722598, '奇葩': 0.11297130523212906, '体验': 0.10940084706238953, '求生': 0.10348751403286571, '男人': 0.10329220585724294, '女友': 0.09460247373123544, '模拟器': 0.09342158482562517, '女儿': 0.09256564090720686, '开始': 0.08643286672092704, '偶遇': 0.08058713626217703, '国产': 0.07848502253215806, '成为': 0.07816467351301169, '东西': 0.07545974368181134, '少女': 0.07521699171987199, '恋爱': 0.07268200145251646,}"
3379951,"{'原创': 1.0, '依言': 0.31016188643634235, '鸭子': 0.07524680015058324, '尖叫': 0.07388201868784842, '龙门': 0.07171919201302451, '鱼鳖': 0.07122677202421858, '自学': 0.056280284043850236, '听说': 0.055966176030594394, '掌握': 0.05252750755085612, '献唱': 0.0506857877295446, '倾情': 0.050429576645174584, '拜年': 0.05017890932119871, '写给': 0.048375563447171976, '枯干': 0.04606499690574301, '星尘': 0.04587730340059214, '起誓': 0.043749063499336764, '光棍': 0.04291887381718152, '单品': 0.04273292927370602, '学家': 0.042462380887745926, '专辑': 0.04241236253839925,}"
36825256,"{'队友': 1.0, '爆笑': 0.6782371483166103, '外挂': 0.6446097534062417, '玩家': 0.6280549377038401, '高能': 0.6077154436521541, '梦遗': 0.5842716830626098, '遗梦': 0.5437126404868461, '老板': 0.43354578694815216, '陪玩': 0.4181195867223556, '游戏': 0.3396644296290665, '发生': 0.3104816615197287, '法鸡': 0.29756598460446165, '职业': 0.2662148427223922, '版本': 0.2584798818810811, '先锋': 0.24961904512677524, '玩游戏': 0.24160179124772094, '假扮': 0.23963459620210434, '开挂': 0.2372200805182124, '世界': 0.23516668419317244, '顶尖': 0.2317193485668124,}"
9008159,"{'猫咪': 1.0, '花花': 0.48387019031561507, '主人': 0.3913950543567514, '橘猫': 0.2945949045371796, '女主人': 0.1993602546248583, '薄荷': 0.17705906599238386, '养猫': 0.14864312747323755, '绝育': 0.1425280236885975, '少女': 0.13302678513586716, '结果': 0.12824150714907748, '流浪': 0.10716226697398083, '猫猫': 0.09466627924252932, '粉丝': 0.09446374815482828, '洗澡': 0.08607789704360685, '记录': 0.08465112307646437, '小猫': 0.07863668913816775, '差点': 0.07592529825222187, '集体': 0.072586171220994, '开箱': 0.0720249629363696, '女装': 0.07135874568995154,}"
7792521,"{'鬼畜': 1.0, '课堂': 0.5990847695378669, '圣地亚哥': 0.19207439674794907, '沙雕': 0.17244693390461455, '金曲': 0.16482450609698052, '动物': 0.16228479506960392, '使用': 0.15738613603041854, '原创': 0.13031764062057913, '调音': 0.1260759336891662, '兄弟': 0.09391872803809101, '梦想': 0.09348240939876296, '高音': 0.09336587437827619, '巨头': 0.07760361934208818, '领衔': 0.07483281868275032, '循环': 0.07442354353456643, '流程': 0.07441617466483187, '中国': 0.07289308456697609, '开唱': 0.06716115706166813, '工作': 0.06567525895038455, '猛料': 0.06522333018217949,}"
14254182,"{'墨鱼': 1.0, '彩蛋': 0.9581686280979753, '黑椒': 0.4039001643999001, '游戏': 0.22705662385707426, '知道': 0.1841324959674992, '杀手': 0.09695271620960452, '才能': 0.0813125933393431, '战队': 0.07715218680583989, '求生': 0.07463875490347184, '可能': 0.07065414868842224, '发现': 0.06419656916616139, '地图': 0.06212526996402983, '看门狗': 0.058270079733894385, '电影': 0.056319125611801794, '拍到': 0.05437188166315407, '细节': 0.0509667946666973, '合金装备': 0.04619815566645107, '故事': 0.04564131512127787, '豪宅': 0.04548572143553081, '能否': 0.04399062565295737,}"
104207471,"{'中国': 1.0, '老外': 0.7254937798370839, '加拿大': 0.4650509737365608, '小哥': 0.22301975120780942, '结果': 0.20671082485409825, '游戏': 0.1565832990977727, '玩家': 0.12791605281166232, '叫声': 0.12046121492396106, '挑战': 0.12011395553363266, '现实': 0.09683761892149083, '粉丝': 0.0945724210826268, '外国': 0.09234302860590315, '地图': 0.09191711231027727, '朋友': 0.08573946047608082, '女友': 0.07799938293319356, '飞镖': 0.07639045304180231, '说好': 0.07618038649412417, '假装': 0.07521804017425056, '想象': 0.074909706634584, '男朋友': 0.07417215606930387,}"
25876945,"{'极客': 1.0, '评测': 0.5247568198964369, '客湾': 0.48122148859346364, '显卡': 0.4472412514700675, '体验': 0.4204914351159484, '电脑': 0.41679381525432413, '游戏': 0.3872803233953404, '弯评': 0.3575520776891267, '周刊': 0.2617443217321871, '核弹': 0.24727804599633818, '性能': 0.2423840946170165, '简评': 0.2211401022329499, '直播': 0.20260883908560195, '开箱': 0.1799003602823822, '手机': 0.1729729423515815, '牙膏': 0.16354032769059873, '听说': 0.15402105496215956, '笔记本': 0.15321456946557072, '海盗船': 0.1528509674825274, '苹果': 0.14959166735718038,}"
466272,"{'党妹': 1.0, '少女': 0.11728107043637204, '开箱': 0.07325588297693988, '口红': 0.07243713449925432, '分享': 0.06658256390862806, '测评': 0.0564140339113224, '闺蜜': 0.05517527039379945, '成为': 0.05369563670912438, '教程': 0.05222602970670926, '仙女': 0.05133396994919631, '体验': 0.04588092025112261, '新手': 0.04548721217930615, '假发': 0.044644256361309455, '意大利': 0.04162875391004825, '女孩': 0.041148812132388565, '试穿': 0.04046795033185396, '世界': 0.04018272530728303, '试色': 0.040126517319684536, '仿妆': 0.03993148004923649, '拍照': 0.03949872575140146,}"
216025,"{'天堂': 1.0, '动漫': 0.4259789076460679, '实况': 0.33337644775050407, '游戏': 0.24698220655742487, '碎念': 0.2017609331674525, '漫评': 0.19816248326519179, '漫画': 0.19257614893705832, '动画': 0.15816959760585383, '异闻录': 0.11692596268246098, '弹丸': 0.11300249100842005, '司机': 0.11211570174187288, '论破': 0.11124177810260184, '欺诈': 0.0969240159532785, '少女': 0.09680748753777259, '宅语': 0.09450704607677252, '尸体': 0.0917071943811041, '简评': 0.08363930997714615, '新番': 0.0824805574991796, '派对': 0.08162045818446591, '完结': 0.07722618167334602,}"
216623621,"{'试吃': 1.0, '开箱': 0.18061109618473523, '块钱': 0.1693298837195253, '粉丝': 0.1279318583660632, '口粮': 0.10176255236109068, '罐头': 0.08873798399068529, '零食': 0.07889075929383667, '快递': 0.07042566874735422, '打开': 0.07036943311198664, '食品': 0.06966649574377778, '推荐': 0.06834138299965807, '寄来': 0.054426078167375644, '拆开': 0.05365400537693138, '特产': 0.05187460012460795, '泡面': 0.05108649265877127, '俄罗斯': 0.04870967399663092, '包装': 0.0473157874896923, '海鲜': 0.04664848660787436, '进口': 0.046465503283156115, '小伙': 0.046048354261280074,}"
3682229,"{'小点': 1.0, '主播': 0.3483839650130254, '真会': 0.3299151803740683, '青铜': 0.20114223276059784, '修炼': 0.18671906613783348, '手册': 0.18518748438595756, '八卦': 0.18067146601454478, '女神': 0.1414525229029049, '时刻': 0.08543755296539618, '派对': 0.07618433856528915, '长歌': 0.04820479181820604, '敌军': 0.04777734361519392, '女流': 0.04649543496374208, '香肠': 0.04595535617295192, '玩艺': 0.0453758602829252, '少女': 0.04464375715443109, '疾风': 0.043955694194735745, '死亡': 0.03985726774681088, '峡谷': 0.03832589428840539, '关见': 0.03779732646052897,}"
1893045,"{'狂风': 1.0, '翻唱': 0.3137785621893065, '配音': 0.26406532806298383, '开口': 0.23237409497388448, '动物': 0.21264624737134594, '男声': 0.16957664141557127, '说话': 0.1532443301023504, '四川话': 0.15243061439082636, '发生': 0.1508192160359032, '灵魂': 0.14756425646649107, '空耳': 0.12147514114135351, '鬼畜': 0.09605342523782408, '吵架': 0.08790655860222785, '人役': 0.08361283346778757, '高音': 0.0784249431735934, '真人': 0.07604984713733795, '填词': 0.07183011662707094, '喜欢': 0.06912913964770123, '兄弟': 0.06469274689484059, '老师': 0.05882858655659819,}"
51896064,"{'套路': 1.0, '游戏': 0.34027037581893094, '解说': 0.22721021684428683, '老师': 0.16542994740294076, '聊聊': 0.14322520352732984, '炉石': 0.09988569104591317, '朋友': 0.0990559400318632, '模式': 0.09773842234288625, '崩溃': 0.09616846643012389, '臭豆腐': 0.09434470483683814, '希望': 0.09426739756266385, '江湖': 0.09344067829632038, '折磨': 0.09310546508348973, '兑现': 0.09058854397909952, '求生': 0.08770274785161866, '需要': 0.08710583237655962, '队友': 0.08671925432527355, '荒野': 0.08623142717719039, '传说': 0.08264877256061125, '裤衩': 0.08253737049146015,}"
10345615,"{'中国': 1.0, '老外': 0.5476962897670034, '日本': 0.3578991108536396, '台湾': 0.3169744722359971, '大陆': 0.30683039986687555, '发音': 0.18167109464460615, '网络': 0.1581973108837923, '韩国': 0.15161359628615523, '世界': 0.14232167516401362, '口音': 0.14021194068356815, '中式': 0.13968254359008409, '普通话': 0.13794841596143617, '女朋友': 0.13417105278044933, '译名': 0.12752799718490704, '流行语': 0.1262815813234399, '新西兰': 0.12507220029748592, '翻唱': 0.11856606033209197, '好玩': 0.11842915779327946, '视频': 0.11644999291173028, '生活': 0.11575221094736933,}"
337521240,"{'小伙': 1.0, '试吃': 0.989341670981525, '好吃': 0.4433339602470497, '自制': 0.3364590188333429, '味道': 0.22288892354188375, '粉丝': 0.16163532539156064, '新品': 0.16128396876373655, '过瘾': 0.15971918935355062, '网红': 0.12712893757076582, '美食': 0.1204337188072524, '感觉': 0.10785050037896447, '博主': 0.10583965894648062, '挑战': 0.10049653436849906, '开箱': 0.094278542737831, '块钱': 0.08881231221803423, '狂魔': 0.0878833992624778, '口味': 0.08537709885298203, '零食': 0.08436444237027504, '火锅': 0.08426030043713008, '上线': 0.08246171298867412,}"
16853896,"{'日本': 1.0, '中国': 0.1912047783705768, '女友': 0.18565959292717257, '结果': 0.14290180292597973, '妹子': 0.10875657283788069, '挑战': 0.10668126935574378, '小伙': 0.0885931216559958, '体验': 0.07246160681831594, '男友': 0.06629173840256357, '情侣': 0.06080650951728171, '泡面': 0.055203904715871895, '发现': 0.05399531946212259, '女生': 0.0515290317275025, '回家': 0.04602973684765734, '视频': 0.04059987387848664, '拉面': 0.038809041121812785, '打开': 0.037813626008122096, '岛国': 0.03773520543782022, '游戏': 0.03637093968151905, '零食': 0.03458492058309434,}"
279991456,"{'盘点': 1.0, '现场': 0.6364276260697204, '专访': 0.2688871705765055, '赛事': 0.22548437763454035, '直播': 0.19394575147675683, '日本': 0.15925312526249413, '英雄': 0.1545990178338743, '赛场': 0.14603985856434573, '冠军': 0.13264818651622948, '选手': 0.1173949027744467, '枣子': 0.11510602133510381, '女人': 0.10838277065880618, '探索': 0.1056798840817368, '粉丝': 0.10542878114886366, '探险': 0.10236968609812, '魔兽': 0.10228841297863743, '峡谷': 0.09897665848542347, '中国': 0.09311945808156072, '厂长': 0.09166619701938786, '夺冠': 0.09074462381463977,}"
423442,"{'翻唱': 1.0, '原创': 0.41248824767877723, '古风': 0.39744788861814634, '搞笑': 0.3133192573298108, '男声': 0.25865846183561064, '戏腔': 0.2521753397187663, '歌曲': 0.23917855962374035, '抒情': 0.23216768848888292, '鬼畜': 0.22637100214462055, '专辑': 0.19574712764321975, '魔仙': 0.18829049115183508, '高考': 0.18598974578114055, '沙雕': 0.18107313435523464, '评论': 0.17436745289001634, '模仿': 0.17037167629810365, '念白': 0.16316326155035418, '人曲': 0.16210055531176196, '局长': 0.16137101808148813, '灵魂': 0.157951948194738, '试听': 0.1567954813213498,}"
163637592,"{'同学': 1.0, '体验': 0.5875298202894816, '深度': 0.4422974677747387, '苹果': 0.24439389177324417, '手机': 0.1739128752030799, '教程': 0.12598929375476975, '使用': 0.11158198420815611, '电脑': 0.11039148501094932, '新人': 0.10970151197881799, '地方': 0.10030343083036017, '进入': 0.09345519110555256, '基础': 0.08661755252647188, '剪辑': 0.08617940044267859, '英寸': 0.08472436257354708, '转场': 0.08431296647154991, '规划': 0.07876588609728341, '装备': 0.07859442947497344, '收入': 0.07841147400808247, '用作': 0.07299363783857693, '主力': 0.07228558557311571,}"
282994,"{'原创': 1.0, '翻唱': 0.9852950472536579, '机械': 0.4273636728481963, '填词': 0.34082442894765863, '诗集': 0.24592481579086828, '失落': 0.19807554583086714, '试听': 0.19024228856651154, '茜色': 0.18958287376858543, '物语': 0.15931885661920822, '世界': 0.15796585744018307, '计划': 0.15175500571889694, '专辑': 0.15108236233371647, '音乐': 0.1354074274193195, '横行': 0.12552250595661235, '括号': 0.12391244315203845, '澜桥': 0.12297906279555428, '作品': 0.12000517989682444, '注意': 0.11296798033857955, '少女': 0.11270993197243756, '改编': 0.1106123559327234,}"
279583114,"{'同学': 1.0, '挑战': 0.6368213207561764, '差点': 0.5221556809755258, '中国': 0.44425886226720623, '体验': 0.3813091076903448, '变形记': 0.3185155602308632, '牛肉': 0.3110141929804338, '睡不着': 0.3045071246306377, '老坛': 0.27938761104311743, '肚子饿': 0.21058424778436766, '兄弟': 0.20258793852734086, '小食': 0.19996007795852466, '美女': 0.19825318038099746, '变形': 0.18995018520834067, '结果': 0.1881129003961952, '石头': 0.1763864431049197, '泡面': 0.17551957265376097, '测试': 0.1743749939049339, '试吃': 0.1741701447481235, '哥哥': 0.17108666236824246,}"
14110780,"{'凉风': 1.0, '阅片': 0.569140727351686, '请问': 0.39984344781368164, '动画': 0.3916119506476598, '新番': 0.302315815657514, '解说': 0.22151911745011188, '剧情': 0.1714158775669148, '妹子': 0.16526230438144485, '男主': 0.15311218672378, '爆笑': 0.13995711709188238, '导视': 0.1350146036052373, '特别篇': 0.13381655001839146, '沙雕': 0.12202240083168385, '主线': 0.10383080857270291, '世界': 0.10364411961804504, '喜欢': 0.1022182637927882, '女装': 0.09847728975693519, '粉丝': 0.0866198254764068, '方式': 0.08226614688193432, '少女': 0.0811248579623884,}"
250111460,"{'学习': 1.0, '提升': 0.5280761258360389, '分享': 0.38818598519485453, '技巧': 0.33832935105836054, '记忆': 0.32576495052307086, '读书': 0.2876449027450285, '手机': 0.2798807184369077, '世界': 0.269281586090374, '挑战': 0.2608329809668601, '情侣': 0.25354382299575384, '方法': 0.25321585516459766, '问题': 0.23255842455595394, '指南': 0.23189575521272024, '能力': 0.21523340032093705, '干货': 0.20682531143502833, '时间': 0.20448906684785337, '拒绝': 0.1973041610858723, '误区': 0.19144120237533457, '背单词': 0.17782432088246627, '科学': 0.17658573382895032,}"
19642758,"{'游戏': 1.0, '粉丝': 0.969357514321053, '挑战': 0.8526756068154164, '视频': 0.6440916067769293, '体验': 0.6342692145789934, '变形记': 0.4741991466146038, '发生': 0.4682013132916828, '小时': 0.4526676770768396, '室友': 0.37089132155916343, '求生': 0.32938942849914854, '试玩': 0.32267119021980184, '中国': 0.3146498487188, '网友': 0.2948048379013966, '潜入': 0.2916253694168791, '知道': 0.274335238211217, '农村': 0.26759581661219417, '差点': 0.26176262217062585, '回家': 0.25966450404741187, '模仿': 0.25903866115326357, '还有': 0.24860249994898814,}"
79061224,"{'解说': 1.0, '爆笑': 0.9197555677981899, '电影': 0.6506244121448893, '爱情': 0.15967755837220618, '国产': 0.1346979451685191, '电视剧': 0.1338078645318871, '烂片': 0.1205528717001427, '沙雕': 0.09296337538004408, '恐怖电影': 0.08497192165638291, '喜剧电影': 0.08320669596044732, '神剧': 0.08288081379944606, '韩国': 0.07127602257745211, '高分': 0.06762949825151052, '经典': 0.062433798893840556, '走心': 0.06084076430539103, '辣眼': 0.058114984055442596, '游戏': 0.05721546198799585, '观众': 0.053835870676411844, '悬疑': 0.04880939646279477, '偶像剧': 0.0485812598140644,}"
11870568,"{'学生': 1.0, '父母': 0.424071910074062, '生活': 0.35481515529115354, '老师': 0.3115281996931491, '香港': 0.30855327271069943, '试吃': 0.28957970537585254, '感觉': 0.2681559331339745, '分享': 0.2654739636701068, '变成': 0.25377592493771317, '震惊': 0.2504125202495421, '视频': 0.24055079783903974, '挑战': 0.23909648999094563, '少女': 0.23418777060343493, '欧美': 0.21462847489730727, '魔性': 0.2127312753987768, '东北': 0.20217464410696423, '广东': 0.19439745861053248, '零食': 0.19331445678846418, '微笑': 0.1864402585206067, '蜜汁': 0.18625393843249216,}"
2374194,"{'古筝': 1.0, '钢琴': 0.26513399762981177, '印象': 0.24943394887723497, '民乐': 0.22236413240536773, '原创': 0.20118497966588675, '纪实': 0.16848890951109577, '殊途': 0.1675302978797917, '同道': 0.16597340697537422, '编曲': 0.16371537978863607, '串烧': 0.1616634287848443, '翻奏': 0.15990025429592905, '幻想': 0.158034094227035, '天涯': 0.15532855891969935, '黄金': 0.15032371938381936, '处刑': 0.14963697547515425, '双筝': 0.14887237999261935, '寰行': 0.14395343672554786, '地球': 0.14100425284140522, '流浪': 0.1386548112289345, '珠帘': 0.1371890098295126,}"
24314825,"{'鬼畜': 1.0, '公寓': 0.8457806949762535, '爱情': 0.8397604513022512, '单曲': 0.5800853510851486, '党妹': 0.5324374705902825, '高能': 0.49622552202857795, '配音': 0.43489404058327324, '经典': 0.404176239180797, '染头': 0.3723422386109768, '风云': 0.3501978109507168, '监狱': 0.34553127646893594, '广场': 0.3377778054245142, '贫民': 0.3171104871997186, '主讲': 0.3049810629045419, '山寨': 0.3019568031171781, '烟火': 0.2756530525515659, '天国': 0.2736002141247422, '电音': 0.2638849979495666, '供养': 0.2617835148727769, '基遇': 0.2565158426283781,}"
546195,"{'番茄': 1.0, '游戏': 0.11409794528938405, '解说': 0.06856724991012518, '口袋妖怪': 0.052061056726441256, '大师': 0.05094660975617677, '骚大': 0.03913352340571578, '丧病': 0.03669830238705066, '成为': 0.03631555988698, '蝙蝠侠': 0.03605804783000346, '剧毒': 0.0346726187419675, '僵尸': 0.03021043938564162, '硬核': 0.029045504791837, '完结': 0.028620201195849054, '侦探': 0.028390993094459877, '训练': 0.025960189149845516, '猛男': 0.024858631921435715, '实况': 0.023921618992057928, '玩游戏': 0.023149802469959267, '生活': 0.023076120065528487, '叔叔': 0.02100896239004734,}"
1577804,"{'游戏': 1.0, '八级': 0.921369826977542, '神经病': 0.7999144113944576, '幻妈': 0.4767606326470185, '中国': 0.45584412224220355, '冒险': 0.3244659998491646, '完结': 0.30846871945328735, '猜猜': 0.29047390484311536, '配音': 0.2787090451792346, '老娘': 0.2754367902309097, '超高': 0.2697687420117464, '孩子': 0.250540933104174, '体验': 0.20789937037780729, '战车': 0.20408388085357132, '俄罗斯': 0.20013196910921702, '不会': 0.1992886407610434, '幻史': 0.19805720435803043, '恶梦': 0.1951194255099977, '闲逛': 0.1925789963749187, '猜猜猜': 0.18976431119174966,}"
43536,"{'攻略': 1.0, '谷歌': 0.7473100455589241, '视频': 0.7392640285240349, '黑桐': 0.6522223665679615, '解说': 0.398288648314488, '实况': 0.2641233549934249, '中文字幕': 0.21400651992409156, '猎人': 0.1821918511657859, '出品': 0.16947476487993957, '鬼泣': 0.15747394982529467, '战神': 0.14833799375458104, '丧尸': 0.14817223265600768, '合集': 0.1466914745145167, '桐谷': 0.14133733200350446, '围城': 0.1374919897153418, '死亡': 0.13089982893395027, '娱乐': 0.12768248327695467, '荒野': 0.12675204966016415, '收集': 0.1190939049011948, '勇者': 0.10237742068364354,}"
3766866,"{'科技': 1.0, '美学': 0.914661794970797, '直播': 0.4345625503075246, '体验': 0.36698115940771686, '开箱': 0.3429607485865802, '小米': 0.25773981533649404, '对比': 0.25079905491146176, '现场': 0.18507589704076075, '手机': 0.16153061211830774, '发布会': 0.14804340369374272, '测评': 0.14075193908061737, '发布': 0.10489924185625366, '苹果': 0.09840570064989634, '魅族': 0.09791269143781987, '资讯': 0.09363428657015505, '旗舰': 0.07728415946060602, '游戏': 0.07113723223597893, '盘点': 0.0636103887630079, '实录': 0.0619441409400455, '售价': 0.05472040422077838,}"
777536,"{'动画': 1.0, '听说': 0.39469959870310695, '游戏': 0.3923929684752106, '大家': 0.32754462177833543, '沙雕': 0.30207785822915123, '完结': 0.2786184839012218, '爆笑': 0.24845811403365592, '剧情': 0.2324970472900765, '新番': 0.22368843737680677, '年度': 0.21959533474184856, '动漫': 0.2178224368418326, '导视': 0.1904272843618512, '大盘': 0.1690579978732647, '蕾丝': 0.1569288177132863, '电影': 0.14864124789990146, '了解': 0.14186578807793473, '国产': 0.13666915728700801, '秒杀': 0.13629305186170462, '烂片': 0.1362539301322446, '结局': 0.12226700401675988,}"
18202105,"{'绵羊': 1.0, '料理': 0.936700935344499, '美食': 0.19939220779559716, '生存': 0.1540024619086999, '做法': 0.1046594898209239, '长沙': 0.07912545344373566, '日式': 0.07124043368196921, '好吃': 0.05806750303268794, '芝士': 0.05564115694202367, '东京': 0.05405294628737751, '蛋糕': 0.053636682135100894, '日本': 0.051582314861476776, '图鉴': 0.04873928599262863, '试吃': 0.047575379535909276, '味道': 0.04740586340212818, '番茄': 0.04645540449462638, '拉面': 0.04539131643886945, '牛肉': 0.044361479619640314, '广州': 0.04352462874177079, '放毒': 0.043432808461256696,}"
6171645,"{'鬼畜': 1.0, '面筋': 0.7316006808896202, '翻唱': 0.3967037388129777, '回顾': 0.2883468770413052, '全世界': 0.27704888237368963, '空城计': 0.2571024534045422, '梦想': 0.25216379243762466, '雷军': 0.24687459173186352, '不能': 0.24407831747193218, '全星': 0.2434851234365887, '天才': 0.24044151258564944, '注意': 0.22320710031362334, '沙漠': 0.2188915775380799, '版本': 0.2080038761517099, '颜值': 0.20754937510597068, '名字': 0.20646691416487067, '作战': 0.20598484484757698, '赌怪': 0.2012135668738003, '硬核': 0.19559259275321222, '死机': 0.1934831129645765,}"
9824766,"{'挑战': 1.0, '味道': 0.8442299172246949, '感觉': 0.8119281348059979, '作会': 0.6617135327583652, '混合': 0.4228122638399572, '好吃': 0.39360974817757766, '饮料': 0.35494088987726624, '魔鬼': 0.3401591711951178, '辣椒': 0.33060765490367533, '尝试': 0.32452308909882605, '小伙': 0.31629818415286143, '世界': 0.31602821056785274, '没有': 0.311233511777251, '游戏': 0.2826762463186948, '体验': 0.2640794345933217, '泡面': 0.2450632731312962, '视频': 0.23464271942290574, '作死': 0.2234850795758385, '起来': 0.20684533836922553, '大家': 0.20599803282860882,}"
6574487,"{'日本': 1.0, '妹子': 0.3470828970170725, '中国': 0.19772806705699858, '女子': 0.14962774064266712, '视频': 0.07461572468907403, '尝试': 0.05857732990014806, '横行霸道': 0.05503468152849118, '男生': 0.05202711600367537, '教程': 0.05165578822783714, '原因': 0.04723264808170003, '电视剧': 0.044909895229563, '发生': 0.04367144418636198, '豆奶': 0.042110090062853225, '看看': 0.04189584404078194, '樱花': 0.041552228638879404, '惊呆': 0.04082386285681032, '套路': 0.04060510553072291, '奶奶': 0.04037318699696506, '店员': 0.038154633093433823, '大妈': 0.036663715019036876,}"
17546432,"{'好吃': 1.0, '牛肉': 0.5886927677159404, '芝士': 0.45563444653530805, '牛排': 0.4162828056532469, '番茄': 0.2704206826257482, '料理': 0.25193926298142477, '做出': 0.23144849176957774, '蘑菇': 0.22954047866965352, '猪肉': 0.22179515811125486, '鸡蛋': 0.22017661122804882, '海鲜': 0.21110373705978558, '土豆': 0.20778231424396137, '没有': 0.20563681107234147, '日式': 0.20363306725585592, '黄油': 0.20043097035209262, '烩饭': 0.1924684266829374, '意大利': 0.1885946878970726, '美食': 0.188523736141713, '警告': 0.1807217643466463, '知道': 0.17759342181772314,}"
5293668,"{'万象': 1.0, '国动': 0.8887806498754297, '动画': 0.2764983902788639, '国产': 0.218873888696177, '中国': 0.17221973977884095, '简评': 0.14255210465931248, '山海': 0.10336943090422762, '英雄': 0.07680590674828665, '肾入': 0.07668842870644127, '解读': 0.07602168060445531, '霸权': 0.06462718812890071, '解析': 0.06353125230826266, '历史': 0.06339952945510163, '男人': 0.0626517957672188, '凸变': 0.061327982327765033, '翻唱': 0.06120533198548497, '赚钱': 0.060187481730773706, '白蛇': 0.0597401377119964, '有点': 0.059191150439355016, '海棠': 0.05797601817605633,}"
8034163,"{'鬼畜': 1.0, '局座': 0.618304813692668, '领衔主演': 0.5923267436995476, '制作': 0.33568377298289076, '鲲山': 0.3196346537539969, '加勒比海': 0.30920025710223165, '大片': 0.29733764902669, '上集': 0.2815052526857918, '工作': 0.23865284952033133, '书记': 0.2233438344018085, '搞笑': 0.22167439511338807, '猪猪': 0.21734311148982802, '细胞': 0.21141229062361, '六小龄童': 0.20915002688241666, '丧尸': 0.20756272413995192, '作品': 0.20097549974447174, '略略': 0.18727290204304012, '打开': 0.18443987920956506, '游戏': 0.18426729252657553, '模式': 0.17798710830398723,}"
515993,"{'厂长': 1.0, '鬼畜': 0.7907555647124273, '电音': 0.34078388295506784, '粉丝': 0.24596101275157592, '挑战': 0.2290369283517759, '面筋': 0.21842808327398827, '合集': 0.18430963537888764, '舞动': 0.18101525779385633, '山歌': 0.17361907611316899, '软糖': 0.16602100607408346, '青春': 0.1649566719168911, '小熊': 0.1643205407502931, '中国': 0.15861056341982557, '鲲铃': 0.15713546598229525, '视频': 0.15203641830788628, '黑人': 0.1436261576140099, '大学生': 0.1419151772473387, '枪弹': 0.13671087108311208, '寝室': 0.13452739779160083, '赞凭': 0.13394720057490478,}"
7487399,"{'漫威': 1.0, '钢铁': 0.6370270494942467, '英雄': 0.5888397982631478, '蜘蛛侠': 0.5090368169502283, '解析': 0.3838137347930925, '预告': 0.3598744279388295, '宇宙': 0.3571199504075838, '灭霸': 0.279253845376146, '浩克': 0.26862221294032335, '剧情': 0.24831799157320955, '丧尸': 0.23613991647527566, '美队': 0.2239268349108507, '电影': 0.21614410801734155, '毒液': 0.20549371505579275, '蝙蝠侠': 0.19562223237280413, '复联': 0.18585314231205194, '队长': 0.1807418912978568, '介绍': 0.17374327895619252, '漫画': 0.1728697880698138, '终极': 0.15981836068114358,}"
16794231,"{'老师': 1.0, '巡山': 0.5723388865101634, '集锦': 0.5681628259363279, '碉堡': 0.4392882996969201, '讲故事': 0.37168137033982196, '科学': 0.16686267444191913, '精彩': 0.12203588181518012, '搞笑': 0.11886764760199463, '秘籍': 0.09080711421412778, '队友': 0.08796030417679535, '英雄': 0.08293824795916398, '反杀': 0.08084844063304684, '操作': 0.0700416692445872, '亚索': 0.06149821425263699, '云顶': 0.04913310603747878, '盲僧': 0.04659811076022826, '走位': 0.04375193393640284, '敌方': 0.04218726923614266, '爆炸': 0.040598173620080995, '花式': 0.040290790963289386,}"
284120,"{'翻唱': 1.0, '风华': 0.9777581942900556, '人声': 0.43960559555223744, '原创': 0.38692003103815525, '世谣': 0.24757819468853956, '月光': 0.24412562822754272, '收录': 0.22638053332587563, '战争': 0.21968601281179287, '异闻录': 0.21708968744247875, '世界': 0.21277551636603753, '改变': 0.21180273084445883, '豆浆': 0.21006454188798096, '人间': 0.20317067983802084, '钢琴': 0.20202943174212448, '改编': 0.20009702836083676, '追梦': 0.1999423973304418, '感冒': 0.19856628388468556, '专辑': 0.19541858953983732, '梦纪': 0.1879073863600256, '无心': 0.18283236012362383,}"
280793434,"{'自制': 1.0, '制作': 0.14389741616916232, '神器': 0.12314346280978997, '手机': 0.12216838153925062, '辅助': 0.07134321057009572, '美女': 0.06910706106795751, '洗头': 0.06507753723423257, '省力': 0.062316163396474035, '卫生间': 0.061276305757648745, '过程': 0.061070827662089544, '笑容': 0.05968650702065305, '机器人': 0.05965445739506523, '吸尘': 0.05831872028429034, '没有': 0.058171296104045506, '物理': 0.05749305812002649, '血滴': 0.056228007182107166, '必备': 0.05569293506564751, '伴侣': 0.05531383572658338, '出来': 0.052356314727814206, '刺身': 0.051802876808711436,}"
37946996,"{'套路': 1.0, '魔鬼': 0.8417222990452321, '无限': 0.6451181126073683, '窒息': 0.5363453279707868, '配音': 0.4867783255553848, '对手': 0.38229531821011836, '火力': 0.3648209078384973, '敌人': 0.2984319512972263, '游戏': 0.2919139234220151, '英雄': 0.2767700588412253, '氧气瓶': 0.2551890121232708, '沙雕': 0.2514947147809068, '玩家': 0.25013150073705737, '真人版': 0.2399882828164817, '组合': 0.2146262736497554, '穿越': 0.17989066789580382, '听说': 0.17793286138971057, '自备': 0.177017369399202, '做人': 0.17611596217354988, '组队': 0.175527981796468,}"
257975429,"{'试穿': 1.0, '分享': 0.7954159835643039, '购物': 0.6914015279520771, '结果': 0.600889444267706, '采访': 0.5566122137994493, '粉丝': 0.5036334459730128, '十音': 0.4989266640289747, '上身': 0.47826066858620414, '产品': 0.45880427882873975, '教程': 0.4567135075918707, '开箱': 0.44818739319031387, '体验': 0.43400256682416755, '感受': 0.4169882119826768, '价格': 0.4116446485917193, '中国': 0.4071904526109337, '日子': 0.4030315603010846, '发型': 0.40224820912165826, '拳头': 0.398917254391354, '总部': 0.3928492720794296, '奢侈品': 0.3905446681633288,}"
3380239,"{'真人': 1.0, '真人版': 0.6039555696762724, '大妈': 0.4682086929073741, '广场': 0.4236701469643305, '游戏': 0.3742928727068821, '炉石': 0.340329808580252, '对决': 0.3343273306936767, '视频': 0.2625921472169248, '沙雕': 0.23295703707936094, '超燃': 0.23211630265362246, '民间': 0.23013225950386418, '乱入': 0.21344302435569312, '方式': 0.20073659587976778, '发电': 0.19142290187912983, '阻止': 0.1844351328416596, '自制': 0.18137400528666434, '打开': 0.17900480608511307, '玩具': 0.17730807290672526, '蕾丝': 0.17522754359864998, '崩坏': 0.16071986969616756,}"
295711424,"{'游戏': 1.0, '玩家': 0.1603133727283886, '店长': 0.15184563558111208, '画面': 0.08806818161756944, '国产': 0.07542808279556419, '劝退': 0.06938290463660493, '震撼': 0.06851598575361215, '神级': 0.0676634644812816, '通关': 0.06281000613636482, '变态': 0.06002686222443078, '手游': 0.05800785550854071, '什么游戏': 0.05629871406272929, '发生': 0.054514546108075976, '死亡': 0.05345345858073604, '全程': 0.052240618338805334, '中国': 0.05067529800316538, '联机': 0.05000891479311542, '外挂': 0.04859695438087105, '模拟': 0.045397335589396716, '关卡': 0.04254073483531178,}"
4408538,"{'经典': 1.0, '推理': 0.2583231111686684, '神探': 0.19613327732950606, '游戏': 0.185196213141549, '传奇': 0.16176447828586032, '中国': 0.1611026774775836, '提刑官': 0.1467083768839435, '仙剑': 0.13355664595533334, '琳琅': 0.1307686848362021, '如意': 0.12943179223811038, '春光': 0.12446139148616775, '密室': 0.12130560178990044, '图籍': 0.11741478898447089, '评论': 0.11737819757665927, '猪八戒': 0.11536400271925136, '成都': 0.11484436272718843, '四川话': 0.11484436272718843, '图鉴': 0.1110774660809331, '挑战': 0.10961662772011373, '特辑': 0.10842897661905021,}"
265059948,"{'书院': 1.0, '豫章': 0.9269979538139956, '疫情': 0.7756585932903532, '告诉': 0.42047055277919515, '朋友': 0.40544519166657805, '情书': 0.33451842023161193, '肺炎': 0.32864198601400274, '防护': 0.3134641058635784, '工作': 0.30969546444818996, '可能': 0.3058135408825464, '事件': 0.3050858475166734, '捐款': 0.29065268417863177, '浙武': 0.2888643327473703, '水军': 0.2830497759056142, '蔓延': 0.2828747839494414, '抹黑': 0.2817315769007727, '学到': 0.2805465057741852, '下限': 0.280263942471888, '视频': 0.27643193661175763, '臭味': 0.27309582723896864,}"
4162287,"{'游戏': 1.0, '实况': 0.4936447447299626, '智障': 0.2590592015228902, '完结': 0.249832062247148, '集合': 0.2448564868288352, '合集': 0.22486119038265198, '大片': 0.20608058761673018, '奇葩': 0.15178779607601078, '年度': 0.07241031682571746, '试玩': 0.06681897168481811, '世界': 0.06496900368884109, '人生': 0.0627347659101313, '归乡': 0.05914854231699769, '透支': 0.05708987597969168, '国产': 0.05032436699154038, '独立': 0.050100171802291996, '巨作': 0.04990364716518736, '结局': 0.04862770070687189, '了菌': 0.047036909591431676, '菌史': 0.04654610376530389,}"
423895,"{'黑魂': 1.0, '骑士': 0.5517076196337874, '太阳': 0.4408046957770927, '肉鸽': 0.43428834886900086, '血源': 0.38981091312962524, '实况': 0.3778835536704193, '故事': 0.32537922859625634, '免免': 0.29710971950297616, '科技': 0.27384791139016684, '工厂': 0.2641767538366357, '石炉': 0.25040839334361115, '传奇': 0.2363608727857971, '游戏王': 0.21920464915970242, '断剑': 0.21579066793576912, '人生': 0.21519106183009112, '世界': 0.21312428954917817, '梦魇': 0.21266448736628052, '坟头': 0.21084035444307095, '奴隶': 0.20918628526323346, '地牢': 0.19460895889106966,}"
1950209,"{'王者': 1.0, '国服': 0.4303647879833234, '队友': 0.20229630704410495, '炉石': 0.17201016173101483, '青铜': 0.16260202503382518, '职业': 0.16190445899571693, '主播': 0.12934009882308417, '讲武堂': 0.12535363988123616, '排位': 0.11275705646117955, '宇宙': 0.09609942935416628, '遇到': 0.09436113987224368, '出装': 0.07744391133269532, '爆炸': 0.07664720273118868, '英雄': 0.07081045560256936, '变态': 0.0676821358614796, '演员': 0.06707009865178917, '打野': 0.06682268222106601, '泉水': 0.06553287580356865, '教练': 0.06106598137202092, '世界': 0.05530537527555336,}"
927587,"{'木鱼': 1.0, '剧场': 0.640555777774199, '影评': 0.12280866782767387, '电影': 0.06882559176118949, '动画': 0.06561199888772441, '情报局': 0.061950598618712514, '影视': 0.05996422852932975, '作品': 0.05292577044187159, '经典': 0.04533875823614142, '教室': 0.038750759709088915, '故事': 0.03813506173779669, '导演': 0.023571034470834657, '正义': 0.02140572767852643, '漫威': 0.020833229610268945, '世界': 0.01919371392198875, '解析': 0.0181296074917868, '了解': 0.01781703423259778, '走向': 0.01776275486340831, '胜者': 0.01625435147111999, '又名': 0.01584691945584524,}"
13354765,"{'游戏': 1.0, '粉丝': 0.6194631540094827, '挑战': 0.522376378578065, '评论': 0.33977934550320127, '大虾': 0.25853097813320264, '视频': 0.18872199436014792, '兄弟': 0.17379455020136678, '模拟器': 0.16036611820854452, '变形': 0.15920650931231456, '开箱': 0.1525735489001872, '礼物': 0.14575273126592783, '体验': 0.14386016647582903, '玩过': 0.134301152483759, '求生': 0.1314869984418737, '坚持': 0.13140051804288017, '试玩': 0.13084849403088003, '慎入': 0.12464615765451421, '实况': 0.11634881868871409, '自闭': 0.11321078112897555, '做菜': 0.11082940630143827,}"
185546,"{'人声': 1.0, '原创': 0.9197217098389283, '电音': 0.8441665515924721, '收录': 0.7974698899594006, '专辑': 0.6947427811605826, '油渍': 0.6496267998654697, '太牛': 0.6449634950131757, '小伙': 0.5657054846527095, '精神': 0.5557600548391057, '沾满': 0.5477659828071908, '近况': 0.5284165623739165, '沙雕': 0.5268963806078215, '世界': 0.5259105682347901, '艺人': 0.5073988583502574, '膀子': 0.4815989002861478, '企划': 0.47768439251693395, '儿义': 0.4546280324899766, '房间': 0.44365203399005776, '地板': 0.440547067927948, '写给': 0.4016118900318579,}"
176037767,"{'美国': 1.0, '中国': 0.4087054390729394, '纽约': 0.2544462664696482, '挑战': 0.12711733713792464, '试吃': 0.08632715049556379, '对比': 0.08318517103643733, '实拍': 0.07542735133365164, '印度': 0.0709273541947174, '小哥': 0.07058077501696446, '文化': 0.06885295982917485, '美食': 0.065281471108178, '奇葩': 0.06286420834351347, '世界': 0.055367402545056746, '超市': 0.05187197956101026, '体验': 0.05060941800653227, '中餐': 0.04797612181213808, '味道': 0.04715183515270915, '品牌': 0.04546740181953202, '好吃': 0.04392668060080483, '上海': 0.041717944264710136,}"
8366990,"{'挑战': 1.0, '跳舞': 0.8608842241363068, '少女': 0.8172545131891115, '舞蹈': 0.8141292893105573, '自闭': 0.5597457577248306, '原创': 0.5361157875105917, '编舞': 0.49728498050431463, '女孩': 0.46671500470525945, '小学': 0.45715266777142316, '告白': 0.4529051191303454, '心动': 0.4241298423552836, '厦门': 0.4083822466293235, '恋爱': 0.3950155026164595, '循环': 0.37794879095725487, '功夫': 0.3685792194776323, '回归': 0.35959224453727484, '手语': 0.3577125591416756, '性感': 0.35458273980464, '情人节': 0.31632744730421747, '猫叫': 0.3114211858352017,}"
32820037,"{'中国': 1.0, '外国': 0.223406425819304, '外国人': 0.21344303177045176, '见外': 0.1499930500591679, '挑战': 0.11750931334888653, '老哥': 0.10913581648890258, '新冠': 0.09178590867547552, '肺炎': 0.0897747876625942, '城市': 0.08841003187142067, '非洲': 0.0858697918014295, '计划': 0.0809157115656396, '评论': 0.07949780379866457, '广州': 0.07709469092199193, '世界': 0.07274358824760571, '朋友': 0.06828358762549208, '以色列': 0.06238813848896882, '研究': 0.062009624210635036, '香港': 0.06015752599890705, '美国': 0.05692273263339726, '成都': 0.05585218639097736,}"
5970160,"{'世界': 1.0, '实况': 0.7151116688633118, '孩子': 0.3421896099317606, '生存': 0.24995648914397328, '时间': 0.20761505502533736, '挑战': 0.202727323273738, '起床': 0.19132981041132074, '粉丝': 0.18517746748311167, '外传': 0.1757790496097599, '院长': 0.1753566527479988, '小伙': 0.15389228642335942, '游戏': 0.1527842268116938, '麦块': 0.13560943741351916, '地图': 0.1317700274597299, '老板': 0.1144347841614185, '模组': 0.11419142104270238, '创造': 0.1082375569618628, '建筑': 0.10568873738789765, '偶遇': 0.09607079545580413, '战争': 0.09586538432174674,}"
3957971,"{'小伙': 1.0, '好吃': 0.2715939686281447, '泡面': 0.22199652921697144, '挑战': 0.21186101312208627, '日本': 0.18110531038362637, '尝试': 0.17395321243894887, '味道': 0.17355773782576756, '自制': 0.14639238803624693, '开箱': 0.1429995949689121, '试吃': 0.137359050739228, '感觉': 0.13338036987927507, '做出': 0.12472233344143248, '发生': 0.11505304107310811, '制作': 0.09686630589901736, '花元': 0.0911375640626478, '结果': 0.08794170548056802, '世界': 0.08734494898186282, '男子': 0.08680783539524305, '粉丝': 0.08653498235670218, '娃娃': 0.08154457298984022,}"
10462362,"{'时刻': 1.0, '逗鱼': 0.6509383268199795, '传说': 0.6278632482595861, '炉石': 0.577062244350263, '素材库': 0.5662579699025286, '黄金': 0.13770681509815413, '守望': 0.1199432558066499, '先锋': 0.09572412316399172, '精彩': 0.07240404203167881, '白话': 0.0664541383324597, '游戏': 0.04675452792512208, '集锦': 0.03967029143138146, '主播': 0.03887905191478146, '战队': 0.03758384067065162, '回顾': 0.021208076002883918, '双人': 0.021050697408915433, '回忆': 0.020903868912985263, '谷神': 0.02051235565888907, '玩家': 0.020483402572630916, '跳跃': 0.02041807008491976,}"
7349,"{'快报': 1.0, '游戏': 0.2915783476742707, '选题': 0.20445084646314862, '哔了': 0.1108993403648835, '收藏': 0.10882943161391904, '看完': 0.10768949162535589, '看点': 0.08435590522475997, '玩家': 0.08245149565147969, '特别篇': 0.08075429633289792, '世界': 0.07043262690145745, '日记': 0.06481111957397143, '虫虫': 0.06255461482398918, '料理': 0.062100778828882826, '说话': 0.05967610944909657, '水蛭': 0.05785497685449604, '电台': 0.053986343496019676, '节目': 0.04815937505258858, '源源': 0.04697147131065084, '剧场': 0.045773087542907764, '没有': 0.04359520913436658,}"
1565155,"{'主播': 1.0, '真会': 0.91156322806973, '小点': 0.3441194631326322, '大腿': 0.3070143421033056, '游戏': 0.21696409031841984, '女神': 0.14181624306156257, '八卦': 0.11244039756875461, '守望': 0.10226541930506257, '女流': 0.08728988098609382, '盘点': 0.07921382552818858, '大司马': 0.06473056509302559, '青铜': 0.06250630151374643, '修炼': 0.05675045315873252, '手册': 0.05445828768441808, '赛事': 0.05168637547857448, '上线': 0.051405822259446676, '意思': 0.04545739798781571, '英雄': 0.045097069368243495, '游点': 0.040231496184838685, '操作': 0.04005390422566791,}"
390461123,"{'过瘾': 1.0, '大蒜': 0.4470150184238438, '小伙': 0.23572740902766684, '米饭': 0.15744702583341244, '辣椒': 0.13556353159702245, '媳妇': 0.12173454376257957, '火锅': 0.12026193363293237, '不够': 0.11579719746366526, '下馆子': 0.10047845015910797, '朋友': 0.0998766603224159, '吃饭': 0.09777477576590075, '面条': 0.09186525779515202, '啤酒': 0.08611436519137375, '加餐': 0.07400006858234297, '开胃': 0.07010876873045334, '老爸': 0.06920828883310795, '拌面': 0.06896564844064146, '老婆': 0.06775449664784365, '一家人': 0.06687772779033375, '免费': 0.06533825812928085,}"
375375,"{'鬼畜': 1.0, '世界': 0.18225403989852765, '天赋': 0.1641618584008635, '比利': 0.1468259999460164, '带感': 0.13844126973013465, '三国': 0.13033420131692922, '单曲': 0.12702360145127226, '金曲': 0.12554210850657546, '种族': 0.12349389139553098, '战略': 0.1219795606559257, '消失': 0.11963050603315814, '技术': 0.11374362757710693, '高能': 0.11364678995523393, '丈夫': 0.10645374001325023, '技巧': 0.10581401510484893, '结局': 0.10541358628694122, '考试': 0.10313821325428242, '钻出': 0.10259265596100096, '孩子': 0.10188868125969115, '求生': 0.10100162710126914,}"
196356191,"{'小伙': 1.0, '试吃': 0.9822326925920033, '好吃': 0.6045911760596088, '自制': 0.4912550959062214, '开箱': 0.42431566963747375, '粉丝': 0.32349014874323134, '美食': 0.3063656086363242, '网红': 0.29570818937178006, '挑战': 0.28053151190668724, '不用': 0.25815251247144816, '特产': 0.2516773399830712, '体验': 0.2437564543812582, '火锅': 0.22939390346724703, '世界': 0.2234679227005995, '味道': 0.22277316844423264, '视频': 0.1901864190775803, '奇葩': 0.1786756934457679, '没有': 0.17562845504354094, '打开': 0.17498705208505586, '制作': 0.17303147811689806,}"
116683,"{'舞蹈': 1.0, '露露': 0.6517264069317966, '挑战': 0.4295388679772275, '原创': 0.4244667630350952, '世界': 0.19936569260518663, '蹦迪': 0.18095153853884094, '姐姐': 0.17457546386641096, '尝试': 0.17341559891815825, '专属': 0.17257168058500622, '白金': 0.16706882247511645, '合舞': 0.16075458006684465, '恋爱': 0.16049928275879172, '起誓': 0.15530301258278884, '循环': 0.1547708093172315, '旗袍': 0.15293236483827163, '小分队': 0.14860232152076747, '吸管': 0.14650631031558287, '女仆': 0.1418217334147677, '暗鬼': 0.1402455958603494, '全网': 0.13905964726351958,}"
168598,"{'散人': 1.0, '游戏': 0.18851070005152545, '完结': 0.1066311449376223, '实况': 0.08857235430100655, '推荐': 0.050719639349456024, '大冒险': 0.04914990412898238, '世界': 0.047240190853955415, '鬼畜': 0.046764501538642776, '直播': 0.04658016205312196, '挑战': 0.040064165738861846, '疑案': 0.03523582967064048, '对决': 0.035085831360649716, '红娘': 0.03494114334480416, '厨房': 0.03425647735556656, '金牌': 0.03382870249584815, '地狱': 0.03229059376915881, '双人': 0.032101943744063555, '剪辑': 0.031411853510626066, '视频': 0.029264319968866068, '达成': 0.0283697180369221,}"
62540916,"{'运动': 1.0, '改善': 0.2846211324761984, '减肥': 0.28154431713641515, '挑战': 0.2438203649307498, '膝盖': 0.23896550673916275, '分享': 0.22841792625834742, '适合': 0.19625691905599613, '技巧': 0.18605972589447842, '拉伸': 0.18496163126538726, '入门': 0.18287653904632284, '健身': 0.18243669296294293, '有氧': 0.17263355893822438, '瘦子': 0.16188450520193606, '吃货': 0.1575563593182371, '燃脂': 0.1448133483263348, '全身': 0.13046973152649546, '瑜伽': 0.12413483192438601, '肌肉': 0.11976364791796418, '上海': 0.11802527974144976, '懒人': 0.1175820580710637,}"
946974,"{'飓风': 1.0, '影视': 0.9672883855141022, '特辑': 0.41543223423053416, '评测': 0.40289679769514325, '技巧': 0.2596227840102273, '视频': 0.22992526974564437, '剪辑': 0.20899177943294397, '小时': 0.20190962918484182, '体验': 0.1704559974247872, '干货': 0.1519652075116307, '教程': 0.13991973575822683, '制作': 0.1292410899375744, '科技': 0.12836257939968995, '佳能': 0.1077308624064908, '产品': 0.0970444934280866, '电影': 0.09274713112290758, '画质': 0.08967606237621219, '镜头': 0.08915048614581436, '值得': 0.08500269695909034, '短片': 0.08496709446328592,}"
437316738,"{'非洲': 1.0, '员工': 0.9606315602859832, '公司': 0.9019625949344078, '劳力士': 0.8869050019106579, '有钱人': 0.7187353273497519, '暴发户': 0.5197653326130453, '看着': 0.49180299313957354, '宇宙': 0.42796385340241583, '来到': 0.40700632555018074, '不会': 0.3562559993521655, '电影': 0.35348446063823546, '爱情': 0.339983347353013, '工作': 0.332504391903517, '拜年': 0.32022426865341047, '看到': 0.3133861399256682, '出差': 0.3091942891885722, '奖励': 0.3059449422535773, '参加': 0.29969912745528265, '样子': 0.29534149186672765, '知道': 0.2923526097868951,}"
326246517,"{'球鞋': 1.0, '球衣': 0.2368449521845954, '好鞋': 0.2254601860320715, '粉丝': 0.11283679828348041, '开箱': 0.11124485708473467, '继续': 0.0916332401925614, '推荐': 0.0804568042816167, '颜值': 0.07948596942270442, '价格': 0.07833635713199477, '选鞋': 0.07575019310010248, '国产': 0.07511741597810617, '科技': 0.07333267731455553, '联名': 0.07016813512029163, '输出': 0.0699525178736124, '战靴': 0.06776971580393443, '揭秘': 0.06250886310774591, '没有': 0.06126227774860457, '硬核': 0.060565722220128425, '态极': 0.06035298193350445, '跳水': 0.06022540340153231,}"
35359510,"{'装机': 1.0, '开箱': 0.137948999124421, '显卡': 0.1363829630365197, '猿究所': 0.13358623029830638, '机箱': 0.11383097269886537, '测试': 0.10979827156906218, '配置': 0.0964378494810924, '大师': 0.06840270312152599, '直播': 0.06734862457404775, '游戏': 0.06243127537045411, '主板': 0.060722029767008405, '推荐': 0.055645283123712745, '电脑': 0.0527199458284909, '电源': 0.05247040569421681, '性能': 0.04499015262010939, '微星': 0.044595187702319884, '内存': 0.042576757160826935, '升级': 0.03599291395413237, '散热器': 0.03497927938859227, '现场': 0.03386683711710219,}"
1643718,"{'绅士': 1.0, '日本': 0.30155667057304786, '中国': 0.07833598565275818, '游戏': 0.04864775997354407, '三河': 0.03979408828003849, '潜入': 0.039712974963636044, '挑战': 0.032626967517894886, '粉丝': 0.02624341402050074, '便利店': 0.024812982507523146, '视频': 0.021425488293112794, '生活': 0.021297565453843096, '对决': 0.02036163282754624, '美食': 0.018437556285909328, '潘': 0.01720866689091401, '料理': 0.015635732725303542, '没有': 0.015618338798018298, '结果': 0.01528959996111383, '单身': 0.014755301154947368, '上海': 0.014551210440516396, '留学生': 0.014382426459481405,}"
322892,"{'局长': 1.0, '坷垃': 0.3069349282939076, '完结': 0.2598696844813961, '游戏': 0.1902582579464953, '主播': 0.15707492858430255, '鬼畜': 0.13202763364376432, '外挂': 0.08681806241980089, '男人': 0.08039392858184023, '体验': 0.07787425206218132, '玩家': 0.07612661132927613, '队友': 0.07505944818537615, '鸡同鸭讲': 0.07291671235003515, '没有': 0.07120413801439561, '世界': 0.0681800608282541, '小时': 0.062430289406288655, '剧情': 0.06067871641877002, '国产': 0.05798115302194318, '哥哥': 0.057630943671760415, '僵尸': 0.05570949791838218, '起来': 0.05338000718852825,}"
10119428,"{'解说': 1.0, '电影': 0.45716146899295657, '大片': 0.45434098088152597, '深度': 0.22974465012082235, '悬疑': 0.21511586642592784, '国产': 0.17895614409443938, '韩国': 0.1739669540554666, '解析': 0.1711334960527259, '看完': 0.16494428860184848, '神剧': 0.1630235153526085, '高分': 0.15293201922331426, '解读': 0.14994451188912555, '悬疑片': 0.14915494676393043, '变态': 0.14446391426078878, '豆瓣': 0.14202395397605044, '爆笑': 0.14126880095092034, '世界': 0.13221805636128908, '美女': 0.1221335497750098, '杀人': 0.1177569645737182, '轮到': 0.10898744050628831,}"
26240675,"{'人格': 1.0, '游戏': 0.7075837320545952, '沙雕': 0.18693377460784902, '挑战': 0.17108755032990525, '杀机': 0.1648726876485943, '队友': 0.15760614488986904, '人类': 0.11168633202340869, '爆笑': 0.09478875934969162, '粉丝': 0.09010242961345344, '自闭': 0.09009206130356781, '实况': 0.08742040086287828, '妹妹': 0.08684321005044682, '慎入': 0.08368199326961509, '完结': 0.08129263517302418, '吃饭': 0.08006351514546328, '手游': 0.07668980768742671, '上线': 0.07583202819896588, '监管者': 0.0730703015810128, '遇到': 0.07259501597640415, '作者': 0.07018917332645702,}"
562197,"{'游戏': 1.0, '中国': 0.8688683784119046, '世界': 0.23855308035867445, '试玩': 0.22961310469761612, '模拟器': 0.22376855525584388, '挑战': 0.19760111783472467, '评论': 0.16917840255765448, '可能': 0.12518434539598977, '模拟': 0.12184172322937972, '生存': 0.10472935624503306, '视频': 0.09919135854906375, '娱乐': 0.09311345091695528, '逆风': 0.0879718567336304, '历险记': 0.08606433347396873, '开箱': 0.08553939547479748, '玩具': 0.08495122558728822, '死亡': 0.08150632111540637, '战争': 0.07731333474523922, '手术': 0.07582078971802225, '看看': 0.07468233276617481,}"
